name,research_field,topic
Taylor Reed,Chemicals in the Environment / Ecotoxicology,"Microplastic-Associated Persistent Organic Pollutants: Bioaccumulation, Trophic Transfer, and Ecological Risk Assessment"
Riley Jain,Water Resources and Environment / Aquatic Ecosystem Analysis,Microbial Community Resilience to Agricultural Runoff in Headwater Streams
Taylor Adams,Ecosystems of the Future / Conservation Biology and Social-Ecological Systems,Resilience and Relocation: Social-Ecological Pathways for Coastal Community Adaptation in a Changing Climate
Devon Thomas,Ecosystems of the Future / Ecology of Agroecosystems,Resilience and Adaptive Capacity: Integrating Soil Microbiome Dynamics and Crop Diversity in Future Agroecosystems
Alex Lee,Chemicals in the Environment / Computational Biology & Chemistry,Predicting Persistent Organic Pollutant Bioaccumulation and Toxicity Using Integrated Machine Learning and Physiochemical Modeling.
Riley Rivera,Ecosystems of the Future / Biodiversity and People,"The Intertwined Futures: Indigenous Ecological Knowledge, Climate Change Adaptation, and Biodiversity Conservation in a Fragmented Landscape"
Skyler O'Hara,Environment and Society / Urban & Environmental Sociology,"The Environmental Justice of Urban Heat Islands: A Mixed-Methods Analysis of Vulnerability, Adaptation, and Community Resilience."
Robin Jain,Smart Models / Monitoring / Monitoring & Exploration Technologies,AI-Driven Anomaly Detection in Environmental Sensor Networks: A Bayesian Deep Learning Approach
Devon Kumar,Ecosystems of the Future / Community Ecology,Resilience and Regime Shifts in Temperate Forest Ecosystems Under Accelerated Climate Change
Sam Thomas,Sustainable Ecotechnologies / Solar Materials Biotechnology,Bio-Inspired Photovoltaics: Integrating Extremophile Metabolic Pathways for Enhanced Solar Energy Conversion
Jamie Patel,Chemicals in the Environment / Computational Biology & Chemistry,Computational Modeling of Persistent Organic Pollutant Bioaccumulation and Transformation in Estuarine Ecosystems
Bailey Garcia,Ecosystems of the Future / Conservation Biology and Social-Ecological Systems,Resilience and Relocation: Social-Ecological Dimensions of Climate-Induced Displacement in Coastal Ecosystems
Sydney Garcia,Sustainable Ecotechnologies / Microbial Biotechnology,Microbial Electrosynthesis for Carbon Capture and Biopolymer Production: A Techno-Ecological Assessment
Cameron Campbell,Chemicals in the Environment / Molecular Toxicology,Persistent Organic Pollutants and Epigenetic Transgenerational Inheritance in Avian Populations
Jordan Brooks,Environment and Society / Urban & Environmental Sociology,The Urban Metabolism of Green Infrastructure: Social Equity and Ecological Resilience in Post-Industrial Cities
Taylor Clark,Ecosystems of the Future / Conservation Biology and Social-Ecological Systems,Evaluating Adaptive Capacity: Integrating Indigenous Ecological Knowledge and Predictive Modeling for Coastal Resilience in a Changing Climate
Skyler Singh,Sustainable Ecotechnologies / Molecular Environmental Biotechnology,Microbial Community Shifts and Biofilm Formation in Constructed Wetlands Treating PFAS-Contaminated Industrial Effluent
Devon O'Hara,Ecosystems of the Future / Computational Landscape Ecology,Predictive Landscape Modeling of Biodiversity Resilience Under Climate-Induced Regime Shifts
Jordan Jain,Chemicals in the Environment / Environmental Immunology,Immunotoxicological Impacts of Emerging Contaminants on Freshwater Ecosystems: A Multi-Omics Approach
Morgan Jain,Ecosystems of the Future / Physiological Diversity,Physiological Plasticity and Resilience in Plant Communities Facing Anthropogenic Climate Change
Sydney Kumar,Smart Models / Monitoring / Ecological Modelling,Integrating Machine Learning and Bayesian Networks for Predictive Ecological Modelling Under Environmental Change
Cameron Chen,Sustainable Ecotechnologies / Molecular Environmental Biotechnology,Microbial Community Shifts in Bioaugmented Constructed Wetlands: A Metagenomic and Metatranscriptomic Assessment of Pollutant Degradation and Ecosystem Resilience.
Cameron O'Hara,Chemicals in the Environment / Ecotoxicology,"Microplastic-Associated Persistent Organic Pollutants: Bioavailability, Trophic Transfer, and Ecotoxicological Impacts in Freshwater Ecosystems."
Morgan Campbell,Water Resources and Environment / River Ecology,The Influence of Legacy Pollutants on Riparian Ecosystem Resilience in Agriculturally Modified River Systems
Skyler Jain,Water Resources and Environment / River Ecology,Microplastic Accumulation and Trophic Transfer in Freshwater Riparian Ecosystems.
Charlie Clark,Chemicals in the Environment / Ecotoxicology,"Microplastic-Associated Persistent Organic Pollutants: Bioavailability, Trophic Transfer, and Ecological Risk in Freshwater Ecosystems"
Skyler Jain,Sustainable Ecotechnologies / Applied Microbial Ecology,Microbial Community Dynamics in Constructed Wetlands: Assessing Bioaugmentation Strategies for Nutrient Removal and Heavy Metal Remediation
Jordan Jain,Ecosystems of the Future / Ecology of Agroecosystems,Resilience and Regime Shifts in Agricultural Ecosystems: Integrating Microbial Ecology and Landscape Dynamics
Bailey Clark,Chemicals in the Environment / Ecotoxicology,Microplastic-Associated Persistent Organic Pollutants: Bioaccumulation and Trophic Transfer in Freshwater Ecosystems
Morgan O'Hara,Environment and Society / Environmental & Planning Law,Legal Personhood and the Rights of Ecosystems: A Comparative Analysis of Emerging Frameworks
Bailey O'Hara,Smart Models / Monitoring / Environmental Informatics,Integrating Machine Learning for Enhanced Predictive Modeling of Ecosystem Response to Climate Change: A Spatiotemporal Analysis.
Sydney Brooks,Water Resources and Environment / Catchment Hydrology,The Influence of Land Use Change on Sediment Dynamics and Water Quality in a Managed Catchment: A Multi-Proxy Approach
Jamie Patel,Chemicals in the Environment / Exposure Science,"Persistent Organic Pollutants as Environmental Justice Indicators: A Spatiotemporal Analysis of Exposure, Vulnerability, and Disparate Impacts."
Skyler Adams,Chemicals in the Environment / Molecular Toxicology,Persistent Organic Pollutants and Epigenetic Transgenerational Inheritance in Wildlife.
Devon Thomas,Sustainable Ecotechnologies / Technical Biogeochemistry,Biogeochemical Cycling of Emerging Contaminants in Constructed Wetlands: A Techno-Ecological Approach
Cameron Jain,Water Resources and Environment / Aquatic Ecosystem Analysis,Microplastic Accumulation and Trophic Transfer in Freshwater Wetlands: Implications for Ecosystem Function and Human Health
Kris Flores,Ecosystems of the Future / Conservation Biology and Social-Ecological Systems,Resilience and Relocation: Social-Ecological Dimensions of Climate-Induced Displacement in Coastal Ecosystems
Jordan Garcia,Water Resources and Environment / Catchment Hydrology,Hydrological Connectivity and Ecosystem Function in Fragmented Catchments: A Multiscale Assessment
Sam Thomas,Ecosystems of the Future / Computational Landscape Ecology,Predictive Modeling of Ecosystem Resilience Under Accelerated Environmental Change: Integrating Agent-Based Models and Deep Learning.
Sydney Clark,Smart Models / Monitoring / Ecological Modelling,Integrating Machine Learning for Enhanced Predictive Accuracy in Dynamic Ecosystem Models
Kris Kumar,Environment and Society / Environmental Politics,The Political Ecology of Carbon Sequestration Governance in Coastal Wetlands
Alex Garcia,Environment and Society / Urban & Environmental Sociology,"The Environmental Justice of Urban Heat Islands: A Multi-Scalar Analysis of Vulnerability, Resilience, and Adaptation Strategies"
Jamie Liu,Ecosystems of the Future / Species Interaction Ecology,The Cascading Effects of Phenological Mismatch on Trophic Network Stability in a Changing Climate
Dakota Thomas,Water Resources and Environment / River Ecology,The Influence of Legacy Sediment on Riparian Ecosystem Function in Dynamically Managed Rivers
Charlie Reed,Chemicals in the Environment / Molecular Toxicology,Persistent Organic Pollutants and Epigenetic Transgenerational Inheritance in Avian Populations
Kris Chen,Environment and Society / System Analysis and Sustainability Assessment,Assessing the Social-Ecological Resilience of Coastal Communities Facing Climate-Induced Displacement.
Taylor Singh,Environment and Society / System Analysis and Sustainability Assessment,Assessing the Social-Ecological Resilience of Urban Food Systems Under Climate Change
Reese O'Hara,Water Resources and Environment / Catchment Hydrology,Hydrological Regime Shifts and Ecosystem Resilience in Managed Catchments
Cameron Chen,Environment and Society / Urban & Environmental Sociology,"The Algorithmic Green: Environmental Justice, Predictive Policing, and Urban Forest Management."
Kris Reed,Sustainable Ecotechnologies / Applied Microbial Ecology,Microbial Community Resilience and Bioremediation Potential in Novel Constructed Wetlands Utilizing Biochar-Enhanced Substrates.
Dana Reed,Ecosystems of the Future / Species Interaction Ecology,The Cascading Impacts of Phenological Shifts on Plant-Pollinator Mutualisms in a Changing Climate
Cameron Singh,Chemicals in the Environment / Exposure Science,"Ubiquitous Flame Retardants: A Critical Discourse Analysis of Scientific Communication, Policy Formation, and Public Perception"
Jordan Jain,Environment and Society / Environmental & Planning Law,"Legal Landscapes: Environmental Justice, Indigenous Sovereignty, and Resource Extraction in the Anthropocene"
Morgan Lee,Smart Models / Monitoring / Environmental Informatics,"Predictive Modeling of Ecosystem Resilience under Compound Climate Stressors: Integrating Remote Sensing, Machine Learning, and Biophysical Process Understanding"
Morgan Adams,Water Resources and Environment / Aquatic Ecosystem Analysis,Microbial Community Response to Emerging Contaminants in Urban Stream Ecosystems: Implications for Biomonitoring and Restoration.
Avery Flores,Environment and Society / Environmental Politics,The Political Ecology of Carbon Offset Markets in the Global South
Sam Kumar,Environment and Society / Economics,Valuation of Ecosystem Services in a Context of Climate-Induced Displacement.
Reese Thomas,Chemicals in the Environment / Computational Biology & Chemistry,Predictive Modeling of Persistent Organic Pollutant Bioaccumulation and Toxicity Using Multi-Omics Data and Machine Learning.
Skyler O'Hara,Chemicals in the Environment / Cell Toxicology,Persistent Organic Pollutants and Cellular Stress Response: A Multi-Generational Study
Sydney Davis,Smart Models / Monitoring / Monitoring & Exploration Technologies,"Spatiotemporal Dynamics of Ecosystem Resilience: Integrating Remote Sensing, Machine Learning, and Agent-Based Modeling."
Kris Brooks,Ecosystems of the Future / Species Interaction Ecology,The Impacts of Assisted Migration on Trophic Network Stability in Novel Ecosystems
Riley Jain,Ecosystems of the Future / Computational Landscape Ecology,Predictive Modeling of Ecosystem Resilience Under Climate-Induced Landscape Fragmentation
Bailey Reed,Environment and Society / Environmental Politics,The Political Ecology of Carbon Sequestration Governance in Coastal Wetlands
Riley Gonzalez,Chemicals in the Environment / Environmental Analytical Chemistry,Persistent Organic Pollutants in Permafrost Thawponds: A Multi-Proxy Approach to Historical Contamination and Ecosystem Response
Alex Lee,Ecosystems of the Future / Soil System Science,Microbial Soil Carbon Dynamics Under Projected Climate Change Scenarios
Riley Lee,Ecosystems of the Future / Ecology of Agroecosystems,Resilience and Adaptive Capacity: Assessing Ecosystem Services in Transitioning Agroecosystems Under Climate Change
Bailey Lee,Environment and Society / System Analysis and Sustainability Assessment,Assessing the Social-Ecological Resilience of Community-Based Natural Resource Management Initiatives: A System Dynamics Approach
Riley Kumar,Smart Models / Monitoring / Environmental Informatics,"Predictive Modeling of Ecosystem Vulnerability under Climate Change: Integrating Remote Sensing, Machine Learning, and Citizen Science Data"
Casey Adams,Water Resources and Environment / Aquatic Ecosystem Analysis,Microplastic Accumulation and Trophic Transfer in Freshwater Wetlands: Implications for Ecosystem Function and Human Health
Devon Gonzalez,Smart Models / Monitoring / Remote Sensing,Predictive Modelling of Ecosystem Vulnerability Using Integrated Remote Sensing and Machine Learning.
Riley Flores,Smart Models / Monitoring / Compound Environmental Risks,Predictive Modeling of Compound Contaminant Effects on Ecosystem Health: Integrating Machine Learning and Ecological Risk Assessment
Casey Garcia,Ecosystems of the Future / Physiological Diversity,Physiological Plasticity and Resilience in Plant Communities Under Simulated Climate Change Scenarios
Robin Davis,Smart Models / Monitoring / Computational HydroSystems,Integrating Machine Learning for Predictive Hydrological Modeling and Real-Time Flood Mitigation.
Robin Brooks,Ecosystems of the Future / Soil System Science,Microbial Legacy Effects on Soil Carbon Resilience Under Simulated Climate Change Scenarios
Taylor Smith,Sustainable Ecotechnologies / Technical Biogeochemistry,Biochar Amendments and Microbial Community Shifts: A Biogeochemical and Ecosystem Services Assessment
Bailey Garcia,Chemicals in the Environment / Exposure Science,Persistent Organic Pollutants and Microbiome Disruption: A Multi-Omics Assessment of Exposure and Impact
Casey O'Hara,Environment and Society / Urban & Environmental Sociology,Negotiating Resilience: Environmental Justice and Community Knowledge in Urban Flood Adaptation.
Charlie Patel,Smart Models / Monitoring / Computational HydroSystems,Integrating Machine Learning for Enhanced Flood Forecasting and Uncertainty Quantification in Complex Urban HydroSystems
Sam Kumar,Smart Models / Monitoring / Ecological Modelling,Integrating Machine Learning and Agent-Based Modelling to Predict Ecosystem Response to Climate Change and Human Land Use Change
Riley Lee,Smart Models / Monitoring / Monitoring & Exploration Technologies,Algorithmic Bias and Environmental Justice in Spatially Integrated Monitoring Systems
Skyler Garcia,Ecosystems of the Future / Soil System Science,Microbial Resilience and Soil Carbon Dynamics Under Accelerated Climate Change Scenarios
Skyler Reed,Ecosystems of the Future / Conservation Biology and Social-Ecological Systems,"Resilience, Relocation, and Reciprocity: Social-Ecological Transitions in Climate-Displaced Coastal Communities"
Riley Chen,Smart Models / Monitoring / Compound Environmental Risks,Predictive Modeling of Compound Contaminant Exposure and Ecological Risk in Urban Watersheds
Dana Flores,Chemicals in the Environment / Computational Biology & Chemistry,Computational Modeling of Persistent Organic Pollutant Bioaccumulation and Transformation in Complex Environmental Matrices
Sydney Smith,Water Resources and Environment / River Ecology,Hydraulic Connectivity and Biogeochemical Fluxes in Riparian Wetlands: Implications for Riverine Nutrient Dynamics
Sydney Reed,Sustainable Ecotechnologies / Systemic Environmental Biotechnology,Bioaugmentation Strategies for Enhanced Microplastic Degradation in Constructed Wetlands: A Systemic Approach.
Jamie Brooks,Chemicals in the Environment / Environmental Immunology,Persistent Organic Pollutants and Immune Dysregulation: A Multi-Generational Immunophenomic Analysis
Robin Adams,Smart Models / Monitoring / Environmental Informatics,Sensor Data Fusion for Enhanced Ecosystem Health Assessment
Avery O'Hara,Chemicals in the Environment / Environmental Immunology,The Immunotoxicological Legacy of Persistent Organic Pollutants: A Multi-Generational Analysis
Casey Smith,Environment and Society / Urban & Environmental Sociology,"Negotiating Green Gentrification: Environmental Justice, Community Resilience, and the Production of Urban Nature."
Jordan Liu,Ecosystems of the Future / Soil System Science,Microbial Legacy Effects on Soil Carbon Dynamics Under Simulated Climate Change Scenarios
Jordan Gonzalez,Smart Models / Monitoring / Remote Sensing,Quantifying Landscape-Scale Ecosystem Change with Multi-Sensor Remote Sensing and Machine Learning.
Kris Rivera,Water Resources and Environment / River Ecology,Microbial Community Resilience to Compound Stressors in Urban River Systems
Jordan Rivera,Ecosystems of the Future / Conservation Biology and Social-Ecological Systems,Resilience and Transformation: Integrating Indigenous Ecological Knowledge and Climate Adaptation Planning in Coastal Ecosystems.
Sam Lee,Ecosystems of the Future / Computational Landscape Ecology,Predictive Modeling of Ecosystem Resilience Under Combined Climate and Land-Use Change.
Riley Clark,Ecosystems of the Future / Species Interaction Ecology,The Cascading Effects of Climate-Induced Phenological Mismatch on Plant-Pollinator Network Structure and Ecosystem Function.
Devon Jain,Ecosystems of the Future / Ecology of Agroecosystems,Resilience and Adaptation of Soil Microbiomes in Intensively Managed Agricultural Landscapes Under Climate Change Scenarios
Reese Lee,Smart Models / Monitoring / Compound Environmental Risks,Predictive Modeling of Cumulative Environmental Impacts: Integrating Socioeconomic Vulnerability and Compound Risk Assessment
Devon Gonzalez,Environment and Society / Economics,Valuation of Ecosystem Services and Social Equity in Climate Adaptation Planning
Bailey Kumar,Chemicals in the Environment / Computational Biology & Chemistry,Predicting and Interpreting Emerging Contaminant Transformation Pathways via Integrated Machine Learning and Quantum Chemical Modeling.
Bailey Jain,Chemicals in the Environment / Molecular Toxicology,Persistent Organic Pollutants and Epigenetic Transgenerational Inheritance in Wildlife.
Sydney Patel,Chemicals in the Environment / Cell Toxicology,The Impact of Emerging PFAS on Cellular Stress Response and Ecosystem Health
Charlie Liu,Ecosystems of the Future / Computational Landscape Ecology,Modeling Ecosystem Resilience Under Compound Climate Extremes: A Spatiotemporal Approach
Alex Brooks,Environment and Society / Environmental & Planning Law,Legal Personhood and the Rights of Ecosystems: A Comparative Analysis of Emerging Jurisprudence and Implementation Challenges
Taylor Lee,Environment and Society / Urban & Environmental Sociology,The Environmental Justice of Urban Heat Island Mitigation Strategies
Casey Rivera,Chemicals in the Environment / Molecular Toxicology,Persistent Organic Pollutants and Epigenetic Transgenerational Inheritance in Avian Populations.
Avery Davis,Ecosystems of the Future / Computational Landscape Ecology,Predictive Landscape Modeling of Functional Ecosystem Resilience Under Climate Change and Land Use Transition
Riley Davis,Chemicals in the Environment / Environmental Immunology,The Immunotoxicological Impact of Emerging PFAS on Gut Microbiome-Immune Crosstalk.
Sam Brooks,Environment and Society / Urban & Environmental Sociology,The Environmental Justice of Urban Heat Islands: A Comparative Analysis of Mitigation Strategies and Community Perceptions.
Dakota Campbell,Environment and Society / Economics,Valuation of Ecosystem Services Under Climate Change: A Behavioral and Economic Analysis
Alex Adams,Chemicals in the Environment / Cell Toxicology,Persistent Organic Pollutants and Cellular Stress: An Interdisciplinary Analysis of Combined Exposure Effects
Taylor Patel,Chemicals in the Environment / Molecular Toxicology,Persistent Organic Pollutants and Epigenetic Transgenerational Inheritance in *Daphnia magna*
Taylor Garcia,Environment and Society / Environmental Politics,"The Political Ecology of Carbon Sequestration: Narratives, Governance, and Land Rights in the US South"
Avery Kumar,Chemicals in the Environment / Environmental Immunology,Emerging Immunotoxicological Impacts of Per- and Polyfluoroalkyl Substances (PFAS) in Freshwater Ecosystems: A Multi-Generational Assessment
Reese O'Hara,Sustainable Ecotechnologies / Solar Materials Biotechnology,Bio-Integrated Solar Harvesting: A Symbiotic Approach to Photosynthetic Material Design and Environmental Remediation
Casey Kumar,Environment and Society / System Analysis and Sustainability Assessment,Assessing the Social-Ecological Resilience of Coastal Communities Under Climate Change: A System Dynamics Approach
Dana Kumar,Ecosystems of the Future / Soil System Science,Microbial Legacy Effects on Soil Carbon Dynamics Under Simulated Climate Change Scenarios
Morgan Thomas,Chemicals in the Environment / Ecotoxicology,"Microplastic-Associated Persistent Organic Pollutants: Bioavailability, Trophic Transfer, and Ecosystem Impacts."
Jordan Reed,Sustainable Ecotechnologies / Solar Materials Biotechnology,Bio-Integrated Solar Cells: A Symbiotic Approach to Sustainable Energy Generation and Ecosystem Restoration
Avery Kumar,Water Resources and Environment / River Ecology,Microplastic Accumulation and Trophic Transfer in Freshwater Riverine Ecosystems: Implications for Biodiversity and Water Quality
Charlie Adams,Smart Models / Monitoring / Computational HydroSystems,Integrating Machine Learning and Hydrodynamic Modeling for Predictive Flood Risk Assessment in Urban Watersheds.
Skyler Reed,Ecosystems of the Future / Species Interaction Ecology,The Cascading Effects of Climate-Driven Phenological Shifts on Plant-Pollinator Networks in Fragmented Habitats
Morgan Patel,Environment and Society / Urban & Environmental Sociology,"The Algorithmic Green: Predictive Policing, Environmental Justice, and Urban Forest Management."
Jordan Davis,Environment and Society / Environmental Politics,The Political Ecology of Carbon Offset Markets in the Global South
Avery Thomas,Water Resources and Environment / Aquatic Ecosystem Analysis,Microbial Community Shifts and Functional Resilience in Freshwater Wetlands Under Accelerated Nutrient Loading.
Jordan Singh,Sustainable Ecotechnologies / Molecular Environmental Biotechnology,Microbial Electrosynthesis for Bioremediation and Sustainable Resource Recovery: A Molecular and Metabolic Engineering Approach
Jordan Davis,Chemicals in the Environment / Computational Biology & Chemistry,Predictive Modeling of Emerging Contaminant Fate and Transport under Climate Change Scenarios
Riley Garcia,Sustainable Ecotechnologies / Microbial Biotechnology,Microbial Electrosynthesis for Carbon Dioxide Mitigation: Bioelectrochemical System Design and Performance Optimization.
Skyler Thomas,Water Resources and Environment / Catchment Hydrology,Assessing the Impact of Agricultural Best Management Practices on Downstream Water Quality and Ecosystem Health: A Spatially Explicit Hydro-Ecological Modeling Approach
Riley Chen,Water Resources and Environment / Hydrogeology,The Impact of Managed Aquifer Recharge on Groundwater Quality and Ecosystem Health: A Hydrogeochemical and Microbial Assessment
Robin Reed,Water Resources and Environment / Hydrogeology,Microbial Tracers as Indicators of Agricultural Contaminant Flow in Fractured Karst Aquifers
Bailey Thomas,Chemicals in the Environment / Exposure Science,Ubiquitous Flame Retardants: A Multi-Media Exposure Assessment and Neurodevelopmental Implications in Vulnerable Populations
Jamie Chen,Ecosystems of the Future / Physiological Diversity,Physiological Resilience and Adaptive Capacity in Plant Communities Facing Compound Stressors
Sydney Smith,Smart Models / Monitoring / Remote Sensing,Integrating Machine Learning and Satellite Imagery for Predictive Modeling of Coastal Wetland Ecosystem Vulnerability.
Riley O'Hara,Smart Models / Monitoring / Ecological Modelling,Integrating Machine Learning and Ecological Network Analysis for Predictive Ecosystem Resilience Assessment
Cameron Singh,Chemicals in the Environment / Environmental Analytical Chemistry,Persistent Organic Pollutants in Sediments: A Multi-Proxy Approach to Historical Contamination and Ecosystem Recovery
Riley Reed,Water Resources and Environment / Lake Research,Microbial Community Shifts and Nutrient Cycling in Eutrophic Lakes Under Climate Change Scenarios
Sydney Liu,Chemicals in the Environment / Ecotoxicology,"Microplastic-Associated Persistent Organic Pollutants: Bioavailability, Trophic Transfer, and Ecological Risk in Freshwater Ecosystems"
Morgan Kumar,Sustainable Ecotechnologies / Microbial Biotechnology,Microbial Electrosynthesis for Carbon Dioxide Remediation and Value-Added Product Generation: A Techno-Ecological Assessment
Kris Clark,Environment and Society / Urban & Environmental Sociology,The Environmental Justice of Urban Heat Islands: A Comparative Analysis of Community Resilience and Adaptation Strategies
Bailey Reed,Ecosystems of the Future / Species Interaction Ecology,Shifting Phenologies and Trophic Mismatches: A Network Analysis of Plant-Herbivore Interactions in a Changing Climate
Jamie Chen,Chemicals in the Environment / Molecular Toxicology,Persistent Organic Pollutants and Epigenetic Transgenerational Inheritance: A Mechanistic Investigation
Jordan Garcia,Smart Models / Monitoring / Computational HydroSystems,Integrating Machine Learning for Spatiotemporal Hydroecological Forecasting in Complex River Networks
Cameron Liu,Smart Models / Monitoring / Computational HydroSystems,Predictive Modeling of Compound Flood Risk Under Climate Change: Integrating Machine Learning and HydroSystem Dynamics
Reese Rivera,Ecosystems of the Future / Species Interaction Ecology,The Cascading Effects of Climate-Driven Phenological Mismatch on Temperate Forest Food Webs
Sydney Gonzalez,Water Resources and Environment / Lake Research,Phosphorus Cycling Dynamics in Stratified Lakes: Integrating Biogeochemical Processes and Climate Change Impacts
Jamie Smith,Smart Models / Monitoring / Computational HydroSystems,Predictive Modeling of Nutrient Flux in Estuarine Systems: Integrating Machine Learning and Hydrodynamic Simulations
Alex Rivera,Environment and Society / Urban & Environmental Sociology,The Urban Metabolism of Green Infrastructure: Social Equity and Ecological Function in Post-Industrial Cities
Casey Davis,Smart Models / Monitoring / Computational HydroSystems,Predictive Modeling of Hydrological Response to Climate Change Using Hybrid Machine Learning and Process-Based Models
Morgan Liu,Sustainable Ecotechnologies / Applied Microbial Ecology,Microbial Community Shifts and Biogeochemical Function in Constructed Wetlands Treating Industrial Wastewater.
Taylor Singh,Environment and Society / System Analysis and Sustainability Assessment,Assessing the Social-Ecological Resilience of Coastal Communities Under Climate Change: A System Dynamics Approach
Dakota Thomas,Sustainable Ecotechnologies / Applied Microbial Ecology,Microbial Biofilms for Heavy Metal Remediation in Constructed Wetlands: A Synergistic Approach Integrating Ecotechnological Design and Microbial Ecology.
Sydney Singh,Environment and Society / Environmental Politics,The Political Ecology of Carbon Sequestration Narratives in Coastal Wetlands
Avery O'Hara,Smart Models / Monitoring / Compound Environmental Risks,Predictive Modeling of Cumulative Environmental Risk: Integrating Compound Exposure and Ecosystem Response
Sydney Chen,Environment and Society / Environmental & Planning Law,Legal Pluralism and Environmental Governance: Indigenous Water Rights and Resource Management in the Anthropocene
Dakota Clark,Environment and Society / Environmental Politics,The Political Ecology of Carbon Offset Markets and Indigenous Land Rights
Alex Singh,Chemicals in the Environment / Environmental Immunology,Immunotoxicological Impacts of Emerging PFAS on Wildlife Reproductive Success.
Casey Thomas,Sustainable Ecotechnologies / Applied Microbial Ecology,Microbial Community Dynamics and Biogeochemical Cycling in Constructed Wetlands Treating Industrial Wastewater.
Charlie Brooks,Smart Models / Monitoring / Monitoring & Exploration Technologies,Algorithmic Bias in Environmental Sensor Networks: Implications for Ecological Monitoring and Conservation.
Casey Rivera,Smart Models / Monitoring / Remote Sensing,Quantifying Landscape Change and Ecosystem Resilience Using Multi-Source Remote Sensing Data and Machine Learning.
Sam Lee,Chemicals in the Environment / Environmental Immunology,Immunotoxicological Impacts of Emerging PFAS on Wildlife Reproductive Success
Kris Campbell,Sustainable Ecotechnologies / Solar Materials Biotechnology,Bio-Inspired Solar Energy Harvesting: Integrating Photosynthetic Biomimicry and Nanomaterials for Enhanced Efficiency and Stability
Morgan Jain,Chemicals in the Environment / Cell Toxicology,Persistent Organic Pollutants and Cellular Stress Response: A Multi-Generational Analysis
Riley O'Hara,Water Resources and Environment / Catchment Hydrology,Hydrological Connectivity and Ecosystem Services in Fragmented Catchments: A Multi-Scale Assessment
Alex Smith,Chemicals in the Environment / Exposure Science,The Bioaccumulation and Transformation of Emerging Flame Retardants in Coastal Ecosystems: A Multi-Compartment Exposure Assessment
Dana Campbell,Ecosystems of the Future / Computational Landscape Ecology,Predictive Ecosystem Modeling: Integrating Deep Learning and Agent-Based Approaches for Resilience Assessment under Climate Change
Charlie Thomas,Environment and Society / Environmental & Planning Law,"Legal Personhood for Ecosystems: Expanding Rights, Redefining Responsibility."
Casey Clark,Smart Models / Monitoring / Environmental Informatics,"Predictive Modeling of Ecosystem Resilience Under Dynamic Anthropogenic Stressors: Integrating Remote Sensing, Machine Learning, and Environmental Informatics."
Sydney Jain,Water Resources and Environment / Catchment Hydrology,Quantifying the Influence of Land Management Practices on Sediment Flux and Water Quality in Agricultural Catchments.
Alex Garcia,Smart Models / Monitoring / Computational HydroSystems,Integrating Machine Learning and Hydrodynamic Modeling to Enhance Flood Risk Prediction and Mitigation in Urban Watersheds.
Riley Chen,Environment and Society / Economics,Valuation of Ecosystem Services and Community Well-being: A Mixed-Methods Approach to Assessing Nature-Based Solutions in Coastal Resilience Projects
Charlie Smith,Environment and Society / Environmental Politics,Environmental Justice and the Political Ecology of Climate Adaptation in Coastal Louisiana
Riley Garcia,Smart Models / Monitoring / Ecological Modelling,Integrating Machine Learning for Enhanced Ecological Model Calibration and Uncertainty Quantification in Dynamic Landscape Management
Avery Brooks,Environment and Society / Economics,The Economic Valuation of Nature-Based Solutions for Coastal Resilience: A Comparative Analysis of Community Perceptions and Policy Implementation.
Skyler Campbell,Sustainable Ecotechnologies / Applied Microbial Ecology,Microbial Community Shifts and Biogeochemical Functionality in Constructed Wetlands Treating Industrial Effluents.
Charlie Campbell,Environment and Society / System Analysis and Sustainability Assessment,"Assessing the Nexus of Social-Ecological Resilience, Policy Framing, and Adaptive Governance in Climate-Induced Migration."
Robin Adams,Smart Models / Monitoring / Monitoring & Exploration Technologies,Predictive Modeling of Ecosystem Vulnerability Using Integrated Remote Sensing and Machine Learning Data Streams
Sam Flores,Smart Models / Monitoring / Monitoring & Exploration Technologies,Sensor Networks and Machine Learning for Predictive Ecosystem Health Assessment
Jamie Jain,Chemicals in the Environment / Ecotoxicology,"Microplastic-Associated Persistent Organic Pollutants: Bioavailability, Trophic Transfer, and Ecological Risk in Freshwater Ecosystems"
Kris Flores,Chemicals in the Environment / Exposure Science,Emerging Contaminants and Cumulative Exposure: A Multi-Omics Analysis of Combined Effects in Vulnerable Populations
Jamie Brooks,Ecosystems of the Future / Computational Landscape Ecology,Predictive Modeling of Ecosystem Resilience Under Compound Climate Extremes.
Dakota Jain,Chemicals in the Environment / Ecotoxicology,Persistent Organic Pollutants and Emerging Contaminants: Synergistic Effects on Freshwater Ecosystem Resilience
Bailey Liu,Environment and Society / Urban & Environmental Sociology,Environmental Justice and the Racialized Landscape of Urban Heat Islands
Morgan Patel,Water Resources and Environment / Catchment Hydrology,Hydrological Connectivity and Ecosystem Function in Modified Catchments: A Multi-Scale Assessment
Riley Clark,Water Resources and Environment / Catchment Hydrology,Hydrological Connectivity and Ecosystem Function in Fragmented Catchments: A Multi-Scale Assessment
Casey Lee,Smart Models / Monitoring / Compound Environmental Risks,Predictive Modeling of Cumulative Environmental Risk: Integrating Compound Stressors and Ecosystem Resilience
Robin Liu,Environment and Society / Urban & Environmental Sociology,The Urban Metabolism of Green Infrastructure: Social Equity and Ecological Resilience in Post-Industrial Cities
Charlie Thomas,Ecosystems of the Future / Soil System Science,Microbial Legacy Effects on Novel Ecosystem Resilience Under Accelerated Climate Change
Casey Thomas,Sustainable Ecotechnologies / Systemic Environmental Biotechnology,Bioaugmentation Strategies for Polycyclic Aromatic Hydrocarbon Degradation in Constructed Wetlands: A Systemic Biotechnology Approach
Devon Reed,Environment and Society / Environmental & Planning Law,"Legal Personhood and Ecological Restoration: A Comparative Analysis of Rights, Responsibilities, and Implementation."
Sydney Flores,Ecosystems of the Future / Community Ecology,Resilience and Regime Shifts in Fragmented Ecosystems: A Community Ecology Framework
Cameron Singh,Sustainable Ecotechnologies / Systemic Environmental Biotechnology,Bioaugmentation Strategies for Microplastic Degradation in Constructed Wetlands: A Systemic Biotechnology Approach
Robin Adams,Environment and Society / Urban & Environmental Sociology,The Environmental Justice of Green Infrastructure: A Comparative Analysis of Urban Heat Island Mitigation Strategies.
Reese Jain,Smart Models / Monitoring / Environmental Informatics,Predictive Modeling of Ecosystem Stressors Using Spatiotemporal Environmental Data and Machine Learning.
Riley Kumar,Smart Models / Monitoring / Computational HydroSystems,Integrating Machine Learning for Enhanced Flood Forecasting and Uncertainty Quantification in Complex Urban HydroSystems.
Dana Reed,Sustainable Ecotechnologies / Systemic Environmental Biotechnology,Microbial Bioaugmentation for Enhanced Phytoremediation of Heavy Metal-Contaminated Soils: A Systemic Approach
Bailey Clark,Water Resources and Environment / River Ecology,Microplastic Accumulation and Trophic Transfer in Riverine Food Webs: Implications for Ecosystem Health
Charlie Patel,Environment and Society / Urban & Environmental Sociology,"Negotiating Green Gentrification: Environmental Justice, Community Resilience, and Urban Redevelopment in Post-Industrial Cities"
Alex Clark,Environment and Society / Environmental & Planning Law,"Legal Pluralism and Environmental Governance: Indigenous Knowledge, State Authority, and Resource Management in [Specific Region/Country]"
Alex Lee,Smart Models / Monitoring / Computational HydroSystems,Predictive Modeling of Hydrological Regime Shifts under Climate Change: Integrating Machine Learning and Process-Based HydroSystems
Avery Brooks,Water Resources and Environment / Hydrogeology,Microbial Tracers and Hydrogeological Connectivity in Managed Aquifer Recharge Systems
Jordan Kumar,Sustainable Ecotechnologies / Systemic Environmental Biotechnology,Microbial Biofilms for Enhanced Heavy Metal Remediation in Constructed Wetlands: A Systemic Approach
Bailey O'Hara,Smart Models / Monitoring / Ecological Modelling,Predictive Ecological Modelling for Dynamic Ecosystem Resilience Under Climate Change
Bailey Liu,Sustainable Ecotechnologies / Systemic Environmental Biotechnology,Microbial Electrochemical Systems for Valorization of Biochar-Phytoremediation Effluents: A Systemic Life Cycle Assessment
Jamie Thomas,Chemicals in the Environment / Molecular Toxicology,Emerging Contaminants: A Multi-Omics Assessment of Endocrine Disruption and Neurodevelopmental Effects in Aquatic Wildlife.
Morgan Flores,Ecosystems of the Future / Biodiversity and People,The Intertwined Futures: Assessing the Co-evolution of Human Values and Ecosystem Resilience in a Changing Landscape
Skyler Smith,Sustainable Ecotechnologies / Microbial Biotechnology,Microbial Bioaugmentation for Enhanced Polycyclic Aromatic Hydrocarbon Degradation in Contaminated Sediments
Riley Lee,Ecosystems of the Future / Ecology of Agroecosystems,Resilience and Regime Shifts in Agricultural Ecosystems: Integrating Microbial Ecology and Landscape Dynamics
Alex Jain,Water Resources and Environment / Lake Research,Microbial Community Shifts and Nutrient Cycling in Stratified Lakes Under Climate Change Scenarios
Alex Campbell,Water Resources and Environment / Catchment Hydrology,Hydrological Regime Shifts and Ecosystem Function in Regulated Catchments: A Comparative Analysis
Riley Patel,Smart Models / Monitoring / Remote Sensing,Integrating Deep Learning and Multi-Source Remote Sensing Data for Enhanced Ecosystem Vulnerability Assessment in a Changing Climate
Taylor Gonzalez,Chemicals in the Environment / Computational Biology & Chemistry,Predictive Modeling of Persistent Organic Pollutant Bioaccumulation and Transformation in Complex Environmental Matrices.
Charlie Kumar,Sustainable Ecotechnologies / Molecular Environmental Biotechnology,Microbial Community Shifts in Constructed Wetlands: Biogeochemical Consequences and Bioremediation Potential.
Sam Campbell,Ecosystems of the Future / Species Interaction Ecology,The Role of Microbiome-Mediated Phenological Shifts in Plant-Pollinator Networks Under Climate Change
Sam Singh,Ecosystems of the Future / Physiological Diversity,Physiological Resilience and Functional Trait Shifts in Plant Communities Under Accelerated Climate Change
Devon Reed,Chemicals in the Environment / Cell Toxicology,Microbial Transformation Pathways and Toxicogenomic Responses to Emerging Per- and Polyfluoroalkyl Substances (PFAS) in Freshwater Benthic Invertebrates.
Devon Clark,Sustainable Ecotechnologies / Technical Biogeochemistry,Microbial Carbon Cycling in Restored Coastal Wetlands: Implications for Blue Carbon Sequestration and Climate Mitigation.
Casey Lee,Chemicals in the Environment / Exposure Science,Persistent Organic Pollutants and Cumulative Exposure: A Multi-Omics Approach to Assessing Sublethal Impacts in Freshwater Ecosystems
Taylor Singh,Ecosystems of the Future / Species Interaction Ecology,Shifting Phenologies and Trophic Mismatches: Cascading Effects in a Changing Arctic Ecosystem
Devon Smith,Sustainable Ecotechnologies / Microbial Biotechnology,Microbial Electrochemical Technologies for Polycyclic Aromatic Hydrocarbon Remediation in Contaminated Sediments
Skyler Thomas,Sustainable Ecotechnologies / Molecular Environmental Biotechnology,Microbial Communities and Bioaugmentation Strategies for Polycyclic Aromatic Hydrocarbon Degradation in Contaminated Sediments
Morgan Rivera,Sustainable Ecotechnologies / Solar Materials Biotechnology,Bio-Integrated Solar Harvesting: A Symbiotic Analysis of Microbial Photosynthesis and Bio-Photovoltaic Materials
Alex Thomas,Smart Models / Monitoring / Environmental Informatics,Predictive Modeling of Ecosystem Response to Climate Change Using Integrated Sensor Networks and Machine Learning.
Taylor Thomas,Sustainable Ecotechnologies / Molecular Environmental Biotechnology,Microbial Community Shifts and Biogeochemical Function in Constructed Wetlands Treating Emerging Contaminants.
Charlie Patel,Smart Models / Monitoring / Computational HydroSystems,Integrating Machine Learning for Enhanced Flood Forecasting and Uncertainty Quantification in Complex Urban HydroSystems
Sam Rivera,Chemicals in the Environment / Ecotoxicology,Persistent Organic Pollutants and Emerging Contaminants: Synergistic Effects on Freshwater Ecosystem Resilience
Reese Adams,Smart Models / Monitoring / Remote Sensing,Quantifying Ecosystem Resilience through Integrated Remote Sensing and Machine Learning Analyses
Charlie Thomas,Chemicals in the Environment / Ecotoxicology,Persistent Organic Pollutants and Microbiome Disruption: A Multi-Generational Study of Soil Ecosystem Impacts
Bailey Jain,Ecosystems of the Future / Conservation Biology and Social-Ecological Systems,Resilience and Transformation: Integrating Indigenous Ecological Knowledge and Climate Adaptation Strategies in Coastal Ecosystem Management.
Jamie Brooks,Chemicals in the Environment / Exposure Science,Persistent Organic Pollutants and Human Milk: A Multi-Generational Exposure Pathway and Neurodevelopmental Implications
Charlie Gonzalez,Sustainable Ecotechnologies / Systemic Environmental Biotechnology,Bioremediation Potential of Constructed Microbial Ecosystems for Emerging Contaminants in Industrial Wastewater.
Bailey Reed,Smart Models / Monitoring / Environmental Informatics,Integrating Machine Learning for Enhanced Predictive Modeling of Urban Heat Island Effects in Data-Sparse Environments
Bailey Chen,Smart Models / Monitoring / Environmental Informatics,Integrating Machine Learning for Enhanced Predictive Capacity in Distributed Environmental Sensor Networks.
Casey Davis,Chemicals in the Environment / Molecular Toxicology,Persistent Organic Pollutants and Epigenetic Transgenerational Inheritance in Avian Populations.
Bailey Kumar,Chemicals in the Environment / Ecotoxicology,"Microplastic-Associated Persistent Organic Pollutants: Bioavailability, Trophic Transfer, and Ecological Risk in Freshwater Ecosystems"
Skyler Reed,Environment and Society / Economics,Valuation of Ecosystem Services Under Climate Change: A Behavioral and Economic Analysis
Casey Lee,Chemicals in the Environment / Exposure Science,"Ubiquitous Flame Retardants: A Critical Environmental History of Exposure, Policy, and Persistent Contamination."
Robin Flores,Environment and Society / Environmental Politics,Environmental Justice and the Politics of Green Infrastructure in Urban Marginalized Communities
Riley Flores,Smart Models / Monitoring / Environmental Informatics,Integrating Machine Learning for Enhanced Predictive Modeling of Urban Heat Island Effects Using Multi-Source Geospatial Data.
Charlie Reed,Ecosystems of the Future / Conservation Biology and Social-Ecological Systems,The Resilience of Social-Ecological Systems: Integrating Indigenous Knowledge and Climate Adaptation Strategies in Coastal Louisiana
Dakota Jain,Sustainable Ecotechnologies / Technical Biogeochemistry,Microbial Mediated Metal Cycling in Constructed Wetlands: A Biogeochemical and Techno-Ecological Assessment
Riley Singh,Sustainable Ecotechnologies / Molecular Environmental Biotechnology,Microbial Community Shifts and Biogeochemical Function in Constructed Wetlands Treating Emerging Contaminants.
Dana Adams,Environment and Society / Economics,Valuing Ecosystem Services: Behavioral Economics and Community-Based Conservation.
Cameron Thomas,Environment and Society / Environmental Politics,Environmental Justice and the Politics of Climate Adaptation in Coastal Louisiana
Bailey Davis,Smart Models / Monitoring / Ecological Modelling,Integrating Machine Learning and Bayesian Hierarchical Models for Spatiotemporal Ecosystem Resilience Assessment.
Jamie Singh,Chemicals in the Environment / Molecular Toxicology,Persistent Organic Pollutants and Epigenetic Transgenerational Inheritance in Avian Populations.
Riley Garcia,Water Resources and Environment / Lake Research,Microbial Community Response to Nutrient Loading and Climate Change Impacts in Stratified Lake Ecosystems
Bailey Garcia,Environment and Society / Urban & Environmental Sociology,The Urban Metabolism of Green Infrastructure: Social Equity and Ecological Performance
Sam O'Hara,Chemicals in the Environment / Computational Biology & Chemistry,Predictive Modeling of Persistent Organic Pollutant Bioaccumulation and Transformation Across Trophic Levels
Dana Kumar,Environment and Society / Economics,Valuation of Ecosystem Services and Social Equity: A Mixed-Methods Approach to Payments for Nature in Rural Communities.
